Tag,Count,Percentage
Purandara,30,7.9%
Hanuman,26,6.8%
Anjaneya,25,6.6%
maruti,25,6.6%
Hari naama,23,6.1%
Rama,20,5.3%
Shiva,18,4.7%
Tatva Pada,18,4.7%
gurustuti,16,4.2%
Monday Bhajans,13,3.4%
Bindu Madhava,13,3.4%
Devi,13,3.4%
Tuesday,11,2.9%
Friday,9,2.4%
Mangala,8,2.1%
Belaguru,7,1.8%
Sharade,6,1.6%
rama,6,1.6%
Ganesha,5,1.3%
devotional,5,1.3%
chant,5,1.3%
mantra,5,1.3%
Daily Bhajan,4,1.1%
Friday Bhajans,4,1.1%
Shishunaala Sharifa,4,1.1%
Narayana,4,1.1%
Test,3,0.8%
YouTube,3,0.8%
Saturday,3,0.8%
Datta Bhajane,3,0.8%
Krishna,3,0.8%
Sadguru,2,0.5%
Janapada,2,0.5%
ayyappa,2,0.5%
Devotional,2,0.5%
shiva,2,0.5%
Chalisa,1,0.3%
ಹನುಮಾನ್ಚಾ,1,0.3%
ಲೀಸಾ,1,0.3%
Dandakam,1,0.3%
ಆಂಜನೇಯ,1,0.3%
ದಂಡಕಂ,1,0.3%
Kannada,1,0.3%
English,1,0.3%
Saraswathi,1,0.3%
sadguru,1,0.3%
ಶಿವಾ,1,0.3%
ಸೋಮವಾರದ ಭಜನೆಗಳು,1,0.3%
devi,1,0.3%
rajeshwari,1,0.3%
Lakshmi,1,0.3%
Venkataramana,1,0.3%
Radhe,1,0.3%
Thursday,1,0.3%
chennabasava,1,0.3%
Vijaya Maruti,1,0.3%
Bindu madhava,1,0.3%
Ashtothara,1,0.3%
belaguru,1,0.3%
Yugadi,1,0.3%
New year,1,0.3%
gayatri,1,0.3%
krishna,1,0.3%
vishnu,1,0.3%
narayana,1,0.3%
healing,1,0.3%
MP3,1,0.3%
Audio,1,0.3%
